MSE,ICP rX,ICP rY,ICP rZ,GT rX,GT rY,GT rZ
0.0198786,0.128107,-0.0130323,-0.0375662,-0.024143,0.0031485,0.0797671
0.0205324,0.0932532,0.112051,0.0287456,0.0368423,0.0443081,0.0703625
0.0190038,0.0735437,0.117517,-0.105359,-0.0329211,0.0349663,0.0398384
0.0195638,0.0298344,0.0805878,0.0557377,-0.0382754,0.0310191,0.194618
0.0208432,-0.0947461,0.0355553,0.300766,-0.139099,-0.0220711,0.118507
0.0196104,-0.151734,0.038335,0.253551,-0.0612557,0.0154556,0.380835
0.0192794,-0.276233,-0.000809466,0.655969,-0.137772,-0.0200533,0.374123
0.0193847,-0.162542,-0.0846235,1.15296,-0.119094,-0.00571068,0.235863
0.0209079,-0.185063,-0.0574402,1.12035,-0.130559,0.00227633,0.169557
0.0187604,-0.280869,-0.077126,1.20391,-0.259174,-0.0319289,0.18962
0.0198309,-0.0599576,-0.00148585,1.32257,-0.165207,-0.0142284,0.306371
0.0204005,-0.0145628,-0.0854632,1.70162,-0.211544,-0.0113186,0.26915
0.0202088,-0.146993,-0.116226,1.88266,-0.273711,-0.054938,0.385506
0.020159,-0.151432,-0.074453,1.81001,-0.278799,-0.0184766,0.204514
0.0209107,-0.0933868,-0.172662,1.89938,-0.365443,-0.0234677,0.262526
0.0200473,-0.207416,-0.0853305,1.98617,-0.340187,-0.0454042,0.289257
0.0202133,-0.168516,-0.0163037,1.99549,-0.344844,-3.79847e-05,0.453779
0.0196361,-0.198972,-0.0481055,1.99042,-0.423985,-0.0503415,0.403981
0.0199431,-0.347655,-0.0801596,1.96606,-0.461955,-0.0528377,0.648004
0.0200762,-0.298576,-0.101374,2.0586,-0.469217,-0.0537435,0.639288
0.0193318,-0.342861,-0.17671,2.20866,-0.400002,-0.0515508,0.595812
0.0189954,-0.340003,-0.0618012,2.15211,-0.406802,-0.0778174,0.619673
0.0206099,-0.35287,-0.079092,2.06369,-0.461392,-0.101428,0.622348
0.0185443,-0.335396,-0.0567296,2.12225,-0.514505,-0.124725,0.609046
0.0210881,-0.319124,-0.0542132,2.0868,-0.449694,-0.111672,0.417073
0.0196132,-0.411559,-0.0121279,2.08798,-0.502666,-0.178439,0.470209
0.0197286,-0.50543,-0.00601292,1.874,-0.49961,-0.180515,0.617739
0.0198385,-0.5533,-0.0637506,1.98411,-0.487058,-0.185961,0.577228
0.0204065,-0.597019,-0.137221,2.03743,-0.437275,-0.149089,0.697659
0.0193943,-0.589209,-0.0586871,1.74606,-0.468236,-0.194973,0.743096
0.0197707,-0.431081,-0.229088,1.87771,-0.406066,-0.149605,0.535737
0.0191491,-0.653654,-0.156357,1.86602,-0.500682,-0.206158,0.666339
0.0193021,-0.666433,-0.209045,1.75511,-0.433607,-0.132504,0.72269
0.020137,-0.658759,-0.256978,1.82628,-0.446135,-0.127063,0.763196
0.0206099,-0.691616,-0.371543,1.74214,-0.508997,-0.144857,0.847127
0.0192542,-0.76398,-0.397055,1.55087,-0.51845,-0.162038,0.79739
0.0203357,-0.846091,-0.359595,1.8866,-0.516539,-0.143701,0.747578
0.0209006,-0.98044,-0.392393,1.94218,-0.561554,-0.149441,0.711312
0.0193829,-1.03316,-0.362667,1.94134,-0.610392,-0.105205,0.641812
0.0200708,-1.09272,-0.464373,2.18115,-0.634741,-0.0666763,0.583341
0.0201489,-1.19244,-0.613002,2.22283,-0.70358,-0.0820637,0.914132
0.0200748,-1.17668,-0.598525,2.18294,-0.727592,-0.0579185,0.780511
0.0190758,-1.25278,-0.647022,2.41976,-0.842993,-0.0245558,0.82802
0.0187349,-1.30223,-0.610289,2.4653,-0.945062,0.0432541,0.861379
0.0212171,-1.25379,-0.575082,2.26942,-0.980053,0.0584228,0.677059
0.0197862,-1.39613,-0.62373,2.36435,-1.0875,0.123637,0.865117
0.0186839,-1.83757,-0.720803,2.47123,-1.20246,0.118438,1.25058
0.0183847,-1.84704,-0.847323,2.35968,-1.24146,0.270277,1.19114
0.0206472,-1.88843,-0.915317,2.37214,-1.19258,0.410667,1.559
0.0191239,-2.21552,-0.992917,2.25881,-1.27592,0.48995,2.13653
0.0198439,-2.31166,-1.02371,2.25216,-1.11116,0.641387,2.10462
0.0181215,-2.21414,-1.08546,2.02695,-0.915539,0.845272,2.11775
0.0197972,-2.26062,-1.09906,1.91605,-0.69331,0.960966,2.54537
0.018895,-2.2173,-1.21424,1.51938,-0.434791,1.23186,2.7171
0.0211722,-1.96822,-1.27902,1.20665,-0.28773,1.3636,3.0554
0.0191423,-1.88194,-1.36861,1.16852,0.101289,1.71031,3.03806
0.0203334,-1.69896,-1.4626,0.97442,0.418823,1.87249,3.15913
0.0182961,-1.51505,-1.57736,0.552462,0.852013,2.09949,2.94988
0.0193515,-1.59006,-1.57229,0.087073,1.176,2.29045,3.17401
0.0185443,-1.5525,-1.61236,-0.165407,1.45774,2.46524,3.45147
0.0185081,-1.51865,-1.75134,-0.381858,1.68301,2.65856,3.69926
0.0195668,-1.79838,-1.83885,-0.970407,2.03686,2.89733,3.93239
0.0174504,-2.16922,-2.03928,-0.828235,2.31384,3.01969,4.65664
0.0195309,-2.29636,-2.07933,-1.39198,2.55347,3.28695,5.14422
0.0185206,-2.01401,-2.13659,-1.68727,2.97754,3.64936,5.05885
0.0175622,-2.09288,-2.24465,-2.14225,3.22828,3.93798,5.38832
0.0181309,-2.3657,-2.15226,-3.06839,3.45561,4.07741,6.24451
0.0183615,-2.28835,-2.23527,-3.37995,3.8041,4.34962,6.39004
0.0195251,-2.04019,-2.44455,-3.69056,4.16026,4.78294,6.32516
0.0176725,-1.91566,-2.5937,-4.15088,4.54363,4.91459,6.51259
0.0182301,-1.41811,-2.64164,-4.66171,4.96062,5.18251,6.31048
0.0168568,-1.32019,-2.6486,-4.93001,5.34224,5.39239,6.439
0.0156311,-1.40459,-2.77374,-5.32634,5.60679,5.64187,6.7458
0.0173096,-1.22873,-2.99895,-5.76828,6.04956,5.73381,7.2104
0.0164532,-1.10587,-3.06744,-6.22079,6.40729,6.1115,7.1147
0.0161333,-1.04962,-3.23326,-6.61908,6.77301,6.31035,7.5547
0.0149643,-1.06285,-3.37935,-6.87136,7.16582,6.44238,8.08625
0.0174382,-1.11697,-3.67118,-7.02232,7.53753,6.67179,8.41713
0.015731,-1.28578,-3.70092,-7.55672,7.93589,6.88918,9.0038
0.016508,-1.02307,-3.84668,-8.31189,8.36974,7.1572,9.24639
0.0163932,-0.91731,-3.89279,-8.93434,8.83844,7.36703,9.59052
0.0161785,-1.2011,-4.16272,-9.26166,9.33742,7.44619,10.2626
0.0160146,-1.21022,-4.16837,-10.0094,9.97756,7.40023,11.09
0.0172854,-0.902349,-4.19084,-10.4478,10.5105,7.74612,10.918
0.0167147,-0.727705,-4.25731,-11.0255,11.0928,7.93107,11.3162
0.0155305,-0.860203,-4.38126,-11.299,11.6823,8.06813,11.9219
0.0160425,-0.678916,-4.34953,-11.9443,12.0675,8.47264,11.8073
0.0178909,-0.417801,-4.43683,-12.3336,12.6685,8.73953,11.9357
0.0166146,-0.227303,-4.42876,-12.9434,13.2405,9.02691,12.3775
0.0157375,-0.0337476,-4.63059,-13.4286,13.7669,9.11293,12.8836
0.0177355,0.256588,-4.5752,-13.9729,14.34,9.36809,13.0322
0.0158885,0.572668,-4.67503,-14.5516,14.8719,9.66461,13.3598
0.0151495,0.330218,-4.88786,-15.0684,15.3305,9.8771,13.7712
0.015806,0.23143,-5.11768,-15.6718,15.8302,9.90504,14.4249
0.0147745,0.355989,-5.18542,-16.2738,16.3442,10.1858,14.7311
0.0163865,0.544901,-5.1835,-16.7965,16.8855,10.3736,15.1903
0.0159715,0.615962,-5.44482,-17.1406,17.4134,10.6099,15.6256
0.0164,0.531476,-5.60076,-17.8108,17.9415,10.701,16.3259
0.015248,0.594333,-5.79055,-18.4633,18.3638,10.8058,17.0158
0.0152081,0.64501,-5.97548,-18.986,18.905,11.1498,17.384
0.0151148,0.676033,-6.08185,-19.6753,19.4698,11.3139,17.9733
0.0157953,0.572986,-6.27014,-20.3925,20.0035,11.4592,18.5893
0.0154168,0.808833,-6.44648,-21.0101,20.6165,11.8336,18.8836
0.016495,0.936037,-6.32715,-21.928,21.3383,12.3271,18.9979
0.0170801,0.965555,-6.45375,-22.471,22.0015,12.403,19.4816
0.0179767,1.25434,-6.4268,-23.186,22.659,12.7388,19.6151
0.0162209,1.41955,-6.47931,-23.8821,23.3742,12.8948,20.0101
0.0167187,1.54328,-6.65884,-24.3259,24.0892,12.9683,20.492
0.0166144,1.66022,-6.53999,-24.9703,24.6547,13.4945,20.2296
0.0162525,1.78644,-6.58388,-25.5436,25.4287,13.5173,20.6801
0.0171704,1.92325,-6.63976,-26.0777,26.0433,13.6444,21.1164
0.0184888,2.12425,-6.52916,-26.7513,26.7039,14.1169,21.1866
0.0170731,2.31416,-6.51652,-27.4639,27.2407,14.2419,21.4758
0.0171642,2.3317,-6.75343,-27.9316,27.7205,14.2969,21.9494
0.0180491,2.54604,-6.8993,-28.5371,28.1773,14.5103,22.2721
0.0175658,2.94178,-6.70449,-28.9343,28.5089,14.9711,22.1509
0.0168168,2.91446,-6.843,-29.1734,28.8348,15.1112,22.5124
0.0181154,2.90618,-6.9816,-29.4238,29.0101,15.2036,22.7799
0.0183401,3.16656,-7.07997,-29.4532,29.1378,15.4319,22.8274
0.0182285,3.40042,-7.14442,-29.4573,29.1605,15.6468,22.7592
0.0170704,3.52561,-7.19787,-29.4529,29.1176,15.819,22.7011
0.0176581,3.74549,-7.16903,-29.4827,28.9678,16.0117,22.5804
0.0169423,3.65501,-7.25137,-29.3228,28.8356,16.0566,22.4726
0.0173797,3.77796,-7.30605,-28.9651,28.6056,16.0667,22.384
0.0171642,3.9277,-7.25727,-28.6112,28.3794,16.1186,22.0476
0.0171989,3.94357,-7.20596,-28.5507,28.0617,16.1255,21.7223
0.0174528,3.99833,-7.11954,-28.1597,27.6912,16.1686,21.3037
0.0173888,4.12181,-6.91494,-27.808,27.3352,16.2302,20.8089
0.0189682,4.12016,-6.69625,-27.4749,26.9186,16.0465,20.4084
0.0187316,4.26742,-6.53121,-27.0993,26.3383,16.31,19.6102
0.0174681,4.25271,-6.33666,-26.6961,25.8456,16.166,19.1252
0.0185787,4.41528,-6.08897,-26.2347,25.3539,16.0437,18.5984
0.019333,4.53238,-5.87461,-25.4923,24.8204,15.9192,18.0168
0.0178032,4.38286,-5.71228,-24.843,24.3173,15.255,18.3411
0.018231,4.46212,-5.58853,-24.0309,23.751,15.4136,17.3154
0.0190038,4.38357,-5.41016,-23.165,23.1693,15.1668,16.7696
0.0183887,4.32346,-5.24724,-22.9052,22.6013,15.0021,16.1409
0.0193613,4.33628,-5.09642,-22.1745,22.0262,14.6892,15.6247
0.0192161,4.15469,-4.83567,-21.7271,21.3881,14.1792,15.3597
0.0192375,4.10481,-4.60733,-20.9834,20.6712,14.3403,14.1834
0.0195064,3.97581,-4.29522,-20.619,20.0898,13.9707,13.8296
0.0180141,3.94067,-4.04178,-19.9613,19.4166,13.6863,13.3494
0.0188832,3.74926,-3.79267,-19.487,18.9134,13.3481,12.4415
0.0189495,3.48016,-3.72652,-18.6856,18.3027,12.9404,12.0472
0.019428,3.48921,-3.56676,-17.9343,17.5042,12.579,11.2531
0.019568,3.41352,-3.40709,-17.1982,16.9049,12.3598,10.414
0.0207334,3.13178,-3.21619,-16.8026,16.2582,11.7985,10.4988
0.0193632,2.96056,-3.06296,-16.0829,15.6685,11.3454,10.0928
0.0204604,3.02371,-2.80273,-15.5997,15.0768,11.1606,9.58673
0.0189386,2.89189,-2.55953,-14.9335,14.5265,10.8086,9.133
0.0185019,2.79522,-2.3577,-14.3614,13.8551,10.4271,8.73025
0.019085,2.59644,-2.24895,-13.7149,13.2368,10.0703,8.38121
0.0182702,2.46108,-2.12203,-13.0735,12.5588,9.89267,7.77523
0.0185915,2.27556,-1.97267,-12.3484,11.9795,9.41012,7.99252
0.0185425,1.89172,-1.91536,-11.8424,11.3524,9.0788,7.7086
0.0188016,1.46668,-1.75406,-11.4323,10.7437,8.85887,7.55588
0.0170899,1.49979,-1.80614,-11.0123,10.0718,8.68848,6.74485
0.0175134,1.23105,-1.63917,-10.6373,9.55375,8.51169,6.63001
0.017807,0.779186,-1.50761,-10.3472,8.94252,8.15184,6.48728
0.0167966,0.534443,-1.49566,-9.71148,8.445,7.9034,6.52174
0.0167062,0.291979,-1.44929,-8.99513,7.85759,7.62351,6.3244
0.0167966,0.173027,-1.3466,-8.69862,7.27483,7.37262,6.2258
0.0165041,0.0860144,-1.3914,-7.96516,6.81519,7.20016,5.74374
0.0158739,-0.14243,-1.29393,-7.44142,6.22969,6.97738,5.73604
0.0157345,-0.279951,-1.27063,-7.04644,5.7172,6.8124,5.41627
0.0171283,-0.449626,-1.15876,-6.68021,5.25464,6.57732,5.28292
0.0160838,-0.41193,-1.07481,-6.30612,4.76385,6.46501,4.9831
0.0152718,-0.457022,-1.02158,-5.75825,4.31445,6.22284,4.57527
0.016037,-0.731958,-1.01963,-5.28209,3.91113,6.02379,4.40206
0.0168046,-0.777933,-1.07094,-4.9174,3.3681,5.77668,4.348
0.0155161,-0.96741,-0.966008,-4.82513,3.07384,5.77014,4.1142
0.0153849,-1.08836,-0.859776,-4.63523,2.61171,5.67589,3.77052
0.0173897,-1.25373,-0.930488,-4.11725,2.19763,5.48228,3.51992
0.0171159,-1.58409,-0.921927,-3.82106,1.74086,5.22233,3.65792
0.0159714,-1.79063,-0.840144,-3.09565,1.34096,4.95995,3.46782
0.0166071,-1.78097,-0.654759,-3.01225,0.939237,4.846,3.17878
0.0162395,-2.05121,-0.665828,-2.52143,0.421831,4.64202,2.94606
0.0165736,-2.20122,-0.772671,-1.88702,-0.139951,4.43883,2.95751
0.0167136,-2.31281,-0.626861,-1.60257,-0.586851,4.2454,2.48397
0.0163924,-2.58217,-0.711202,-1.09544,-1.12282,4.01301,2.40315
0.0162772,-2.78546,-0.598311,-0.698062,-1.6307,3.77973,2.42852
0.0154034,-2.89124,-0.588079,-0.421121,-2.07735,3.62586,2.06781
0.0165909,-2.93352,-0.548007,-0.0261601,-2.44966,3.45791,2.03901
0.0170193,-2.99243,-0.716282,0.70163,-2.94139,3.2361,1.77469
0.0155543,-3.38302,-0.580396,1.03341,-3.42952,3.1251,1.65413
0.0164651,-3.51163,-0.585091,1.3473,-3.73434,2.95678,1.88335
0.0156586,-3.8636,-0.628902,2.04903,-4.24812,2.8105,1.71183
0.0155419,-4.17673,-0.594383,2.15189,-4.64299,2.68811,1.84347
0.0153393,-4.04534,-0.600809,2.60997,-4.92143,2.61683,1.57608
0.0155796,-4.25892,-0.425468,2.90213,-5.29889,2.46069,1.49788
0.0153732,-4.47464,-0.402696,3.29249,-5.68534,2.28286,1.60053
0.0161796,-4.4726,-0.436977,3.48445,-5.96518,2.18392,1.04887
0.0160752,-4.59582,-0.422378,4.01823,-6.259,2.08499,0.972897
0.0153942,-4.78811,-0.202863,4.05477,-6.57286,1.88118,1.0379
0.0153512,-5.02089,-0.0347255,4.12062,-6.86242,1.73102,0.87427
0.0169534,-5.29943,-0.13691,4.54946,-7.16986,1.60515,1.0638
0.0163256,-5.33383,-0.114901,4.48737,-7.38567,1.50494,0.693589
0.0150078,-5.8203,-0.00891133,4.81246,-7.77429,1.38904,0.948818
0.0155327,-6.40591,0.172868,5.4095,-8.12822,1.3246,1.32241
0.0155643,-6.89782,0.329433,5.52666,-8.46785,1.30784,1.75353
0.015549,-7.51621,0.428118,5.75645,-8.78503,1.26539,2.36899
0.014507,-7.72093,0.4835,5.79414,-9.00936,1.16132,2.46955
0.0155123,-8.00675,0.523279,5.91435,-9.20264,1.11445,2.505
0.0158009,-8.72745,0.847504,5.73828,-9.49775,1.03732,3.09431
0.0149619,-9.18104,0.980009,5.88052,-9.71556,0.993202,3.35115
0.0168951,-8.41951,1.29827,5.56403,-9.72534,0.796078,2.22303
0.0141811,-8.50186,1.49759,5.73868,-9.84992,0.705606,2.62258
0.0156567,-8.3555,1.53622,5.87362,-9.82103,0.674305,2.17321
0.0151585,-8.44754,1.50744,5.74708,-9.89579,0.791343,2.09364
0.0162497,-8.41409,1.49457,5.75351,-9.99477,0.929511,1.72082
0.0159148,-8.40309,1.4889,5.74462,-10.0999,1.05476,1.58914
0.0161285,-8.39941,1.45407,5.83038,-10.1419,1.17439,1.49587
0.0158345,-8.25502,1.44029,5.78164,-10.0706,1.32409,1.23709
0.0165518,-8.14114,1.40834,5.55712,-10.0191,1.37171,1.23041
0.0164878,-8.62231,1.56509,5.54911,-9.93913,1.57718,1.46353
0.0171858,-8.73619,1.60558,4.95615,-9.76166,2.04039,1.98805
0.018124,-8.36072,1.44544,4.85487,-9.54298,2.22171,1.66128
0.0159813,-8.53083,1.49146,4.37549,-9.39942,2.53963,1.55723
0.016218,-8.6624,1.34984,3.98701,-9.19189,2.88605,2.03738
0.016063,-8.52572,1.30337,3.4012,-8.96976,3.20882,1.87099
0.0162932,-8.83806,1.22188,2.82153,-8.6752,3.55313,2.48663
0.0157636,-9.21098,1.16932,2.25505,-8.50017,3.92545,2.85972
0.0157266,-9.36693,0.969237,1.88721,-8.20911,4.49317,2.71168
0.0155269,-9.25715,0.732106,1.46511,-7.95333,5.00035,2.79598
0.0144483,-9.13215,0.537808,0.951888,-7.72958,5.46714,2.77302
0.0152868,-9.04144,0.403439,0.667722,-7.56761,5.92406,2.93413
0.0152176,-8.92808,0.322913,0.295415,-7.35206,6.36768,2.71702
0.0161983,-8.62294,0.239958,0.0957406,-7.05456,6.71111,2.65688
0.0160317,-9.20966,0.184988,-0.0102671,-6.83913,7.04866,3.39391
0.0161883,-9.32286,0.189444,-0.518038,-6.65707,7.4786,3.7622
0.0157697,-8.80556,0.0117685,-0.855754,-6.29979,7.8824,3.3123
0.0155707,-8.77805,-0.0371099,-0.920769,-5.97498,8.27851,3.34546
0.0153071,-8.94519,-0.211182,-1.32831,-5.71378,8.62472,3.81628
0.0141286,-8.68828,-0.29104,-1.6471,-5.3949,8.94506,3.93694
0.0161949,-8.34227,-0.331264,-2.0676,-5.20577,9.34324,3.53602
0.0165427,-8.11389,-0.333511,-2.41871,-4.8029,9.6564,3.65831
0.0165606,-7.85216,-0.341017,-2.75339,-4.60791,9.97985,3.5905
0.0157863,-8.11411,-0.288076,-2.92761,-4.36018,10.2187,3.90421
0.016082,-7.96433,-0.370655,-3.27231,-4.0071,10.5645,4.12292
0.0166767,-7.48769,-0.236427,-3.56613,-3.72285,10.8896,3.70567
0.0154432,-7.49971,-0.257677,-4.11443,-3.26493,11.1315,4.05364
0.0157846,-7.36901,-0.17213,-4.79065,-2.68866,11.4399,4.33673
0.017691,-6.96552,-0.00574876,-5.61616,-2.01002,11.7489,4.15724
0.0179803,-6.67323,0.134718,-6.38216,-1.26672,12.0539,3.84678
0.0174655,-6.56833,0.0598327,-6.74856,-0.451841,12.3621,4.25499
0.0167261,-6.73408,-0.0161839,-7.36414,0.473801,12.6894,4.7492
0.0168838,-6.62765,-0.0665858,-8.11261,1.34196,13.1912,5.71811
0.0178601,-6.29754,-0.13512,-9.01281,2.33265,13.7735,6.21678
0.0168209,-5.98365,-0.206682,-9.89498,3.28797,14.3108,6.59371
0.0176872,-5.72338,-0.228269,-10.9337,4.23268,14.8942,6.84152
0.0185567,-5.10812,-0.146676,-12.0243,5.31019,15.5148,7.00409
0.0179703,-4.76979,-0.0672739,-13.1143,6.30772,15.971,7.27696
0.0159339,-4.66745,-0.232491,-13.5624,7.3105,16.4019,8.01443
0.0164878,-4.45263,-0.246668,-14.4079,8.28188,16.8505,8.51726
0.020026,-3.78312,-0.207103,-15.2962,9.05,17.4876,8.16822
0.0184996,-3.35464,-0.147057,-16.0253,9.88447,18.0081,8.24707
0.0174912,-3.80093,-0.398703,-16.344,10.7185,18.1797,9.46165
0.0187648,-3.75215,-0.444609,-17.1195,11.6235,18.4461,10.0554
0.0179726,-2.93078,-0.300253,-17.9568,12.2757,19.1729,9.57139
0.0166227,-2.8969,-0.442556,-18.3797,12.9207,19.5074,10.0928
0.0176647,-2.76368,-0.502633,-18.8894,13.6127,19.9039,10.6195
0.0176396,-2.24039,-0.454983,-19.0765,14.3162,20.433,10.6249
0.0162626,-1.95239,-0.511545,-19.4525,14.8018,20.927,10.7435
0.018983,-1.35414,-0.58675,-19.9174,15.4652,21.4992,10.9768
0.017752,-0.606575,-0.580026,-20.1121,15.9726,22.1284,10.6415
0.0172064,-0.457527,-0.632522,-20.4541,16.565,22.5289,11.1959
0.0186944,0.165406,-0.65785,-20.9645,17.0132,23.2167,10.9919
0.0211628,0.842977,-0.59249,-21.8599,17.2273,24.169,10.2669
0.019082,1.32178,-0.780375,-22.3347,17.5418,24.9676,9.98538
0.0188394,1.94273,-0.804855,-22.8014,17.8253,25.6924,9.67214
0.0198886,2.46315,-0.921165,-22.9011,17.8803,26.4506,9.35694
0.0188217,2.81469,-1.05833,-23.27,17.7978,27.1474,9.20109
0.0234594,3.9322,-1.17557,-23.5236,17.3584,28.2466,8.0052
0.0218036,4.70582,-1.17011,-23.7738,16.7865,29.1849,7.03088
0.018546,5.0934,-1.41911,-23.4716,16.1045,29.7265,6.44351
0.0200708,5.63157,-1.66574,-23.6379,15.3397,30.5478,5.6712
0.019458,6.19347,-1.82475,-23.6615,14.6459,31.0488,5.15136
0.0189943,6.41286,-2.11793,-23.484,13.6534,31.5324,4.28975
0.0195454,6.90692,-2.15087,-23.4041,12.5834,31.9206,3.36758
0.017306,7.06487,-2.22384,-22.8893,11.8442,32.0553,2.97371
0.019647,7.47928,-2.13619,-22.4094,10.3959,32.2889,1.92541
0.0207219,7.83286,-2.13876,-22.1285,9.22421,32.442,0.797425
0.0191995,7.85392,-2.10538,-21.443,8.22363,32.344,0.335801
0.0202482,8.05074,-2.05759,-21.0076,7.16069,32.2142,-0.384515
0.0210135,8.39324,-1.88306,-20.4068,6.08172,32.1969,-1.1647
0.019895,8.31523,-1.82911,-19.9318,5.29702,32.0056,-1.32918
0.0208404,8.48091,-1.83386,-19.7304,4.28988,31.9496,-2.19283
0.023226,9.26487,-1.64031,-19.6003,3.30097,32.1379,-3.48814
0.0214488,9.06561,-1.59362,-19.2309,2.68517,31.876,-3.68917
0.0211713,8.96094,-1.54117,-18.9815,2.20849,31.7669,-3.3239
0.0218752,9.31783,-1.44037,-18.4343,1.45358,31.728,-4.15061
0.0204255,9.24583,-1.48233,-17.9922,1.09479,31.6955,-3.71091
0.022158,9.19727,-1.54111,-17.6226,0.617767,31.6496,-3.75533
0.0223538,9.22178,-1.50833,-17.4702,0.235023,31.6673,-3.89335
0.0216921,8.79288,-1.64259,-16.7822,0.055353,31.5767,-3.00226
0.0202136,8.80559,-1.82446,-16.5735,-0.681602,31.653,-3.5069
0.0244612,9.43458,-1.69063,-17.0342,-1.46583,31.8797,-4.71804
0.0240554,9.02001,-1.8507,-17.0196,-1.57988,31.8728,-4.37003
0.0230537,8.548,-2.07227,-16.6774,-1.88216,31.8598,-3.82631
0.0212407,8.8492,-2.05158,-16.6135,-2.32646,32.0182,-4.35499
0.0211927,8.95798,-2.16836,-16.6564,-2.33956,32.0947,-4.09145
0.0218177,8.75339,-2.39597,-16.3556,-2.59141,32.2936,-3.4724
0.0204587,8.90937,-2.52738,-16.5487,-3.04911,32.5017,-3.92333
0.0205847,9.16459,-2.62702,-16.725,-3.54772,32.7243,-4.79194
0.0215762,9.19515,-2.77363,-16.5101,-3.87085,32.9328,-4.91515
0.0202233,9.02044,-2.94711,-16.5577,-4.24126,33.1164,-5.27373
0.0209403,8.86493,-3.13419,-16.4729,-4.24664,33.2997,-4.88859
0.0194766,8.90377,-3.33469,-16.3398,-4.18413,33.351,-4.35726
0.0224745,9.36023,-3.40831,-16.602,-4.89423,33.7624,-5.74869
0.020433,9.36212,-3.54558,-16.5257,-5.11737,33.9172,-5.96551
0.0243344,8.79415,-3.63451,-16.5422,-4.65172,34.0218,-4.83831
0.0190336,8.77999,-3.66031,-16.624,-4.66413,34.183,-4.71498
0.0192194,8.82773,-3.72934,-16.8317,-4.82055,34.3445,-5.0637
0.0190405,8.37312,-3.81444,-16.9963,-5.03509,34.307,-5.3709
0.0195629,7.95695,-3.96162,-16.818,-4.95293,34.3947,-4.93943
0.0186781,7.80495,-4.0148,-16.7807,-5.07855,34.5058,-5.00142
0.0198427,7.47424,-4.1325,-16.6997,-5.17348,34.588,-4.80484
0.0207656,7.12063,-4.22479,-16.392,-4.97019,34.5756,-4.13425
0.0191878,7.0291,-4.17073,-16.4553,-4.95869,34.7295,-3.95949
0.0192604,6.58162,-4.2504,-16.5753,-5.07634,34.8089,-3.82907
0.0181306,6.21284,-4.24987,-16.8339,-4.96607,34.9149,-3.24047
0.0175406,6.01225,-4.31737,-16.9443,-5.07461,35.1178,-3.20459
0.0175048,5.50901,-4.43333,-16.8782,-5.04258,35.2794,-2.76298
0.0184607,5.04349,-4.69132,-17.0764,-4.88415,35.5827,-2.21746
0.0185307,4.67812,-4.87807,-17.1045,-4.58116,35.8148,-1.5797
0.0187226,4.18318,-5.01889,-17.2217,-4.29053,36.0164,-0.770732
0.0159358,3.96621,-5.16206,-17.5292,-4.19517,36.2818,-0.505998
0.0154347,3.75994,-5.29982,-17.4889,-4.26141,36.6188,-0.597157
0.019558,3.64218,-5.32261,-17.5252,-4.4958,36.7151,-0.689057
0.0153576,3.73559,-5.3323,-17.6448,-4.82783,36.9636,-1.20412
0.0148502,3.67707,-5.30022,-17.9497,-4.77406,37.1422,-1.22832
0.0162597,3.39068,-5.33513,-18.2718,-4.44497,37.343,-0.868097
0.016056,2.8238,-5.43089,-18.6942,-3.98709,37.5227,-0.0339136
0.0152087,2.64915,-5.52028,-19.1154,-3.50165,37.8028,0.507183
0.0158032,2.262,-5.67218,-19.3319,-3.15603,38.1611,0.920293
0.0160122,1.80832,-5.73169,-19.9366,-2.54104,38.4359,1.97954
0.0138844,1.69735,-5.84168,-20.4211,-2.57852,38.9271,1.6429
0.0143799,1.46108,-6.02652,-20.472,-2.12351,39.2187,2.22038
0.0138662,1.22421,-6.25849,-20.626,-1.96405,39.5345,2.63796
0.0153625,1.28613,-6.4339,-21.0231,-1.95407,39.9224,2.42095
0.0150906,1.30445,-6.52652,-21.1559,-2.10462,40.2341,2.15225
0.0130369,1.17515,-6.65869,-21.3783,-1.91317,40.6021,2.15788
0.0129936,0.963403,-6.82499,-21.6684,-1.98098,40.868,2.46716
0.0147453,1.42055,-6.73904,-22.0219,-2.73904,41.2591,1.20673
0.0138641,1.77404,-6.74999,-22.2772,-3.36969,41.6264,0.217418
0.0141996,1.71352,-6.90451,-22.3409,-3.6049,41.8772,0.251538
0.0148746,1.83386,-7.363,-22.3036,-4.30375,42.65,-0.419018
0.0162558,1.29107,-7.8325,-21.9524,-4.15321,42.9395,0.481963
0.014146,0.838245,-8.43118,-21.8646,-3.93821,43.4283,1.22753
0.0155468,0.749549,-8.84173,-21.8367,-4.14786,43.931,1.35927
0.0141041,0.622119,-9.2098,-21.9282,-4.33488,44.4838,1.46837
0.0141383,0.271511,-9.73828,-21.929,-4.34715,45.0703,1.85968
0.0147033,-0.293318,-10.284,-22.1679,-3.92288,45.5781,2.72194
0.0147209,-0.732588,-10.8064,-22.2817,-3.84207,46.0994,3.18863
0.0137699,-1.34971,-11.4663,-22.3799,-3.31613,46.74,4.06939
0.0133097,-1.47021,-11.8621,-22.3727,-3.64765,47.3961,4.14571
0.0131509,-1.13403,-12.2772,-22.4174,-4.40348,48.0351,3.26088
0.0142454,-1.6061,-12.7944,-22.3917,-4.12807,48.5612,3.98293
0.0135581,-1.89856,-13.1383,-22.4372,-4.08396,48.9596,4.36269
0.0132567,-1.14762,-13.2792,-22.6889,-5.33602,49.5841,2.42415
0.0124291,-1.01811,-13.6194,-22.7949,-5.82626,50.0843,1.97923
0.0153193,-1.62798,-14.1389,-22.7811,-5.3564,50.5784,2.84903
0.0143577,-2.2299,-14.5919,-22.7622,-4.70577,50.9348,3.84207
0.0134986,-2.73112,-15.0419,-22.6462,-4.31288,51.2732,4.59598
0.0133728,-2.72962,-15.2799,-22.4354,-4.47592,51.6059,4.56506
0.0137191,-2.73797,-15.5321,-22.4604,-4.89996,51.9816,4.08389
0.0134379,-3.11359,-15.8312,-22.4087,-4.77022,52.2433,4.62227
0.0133741,-3.57565,-16.1582,-22.2727,-4.55325,52.4458,5.11885
0.014065,-4.21504,-16.4572,-21.779,-4.18717,52.6283,5.91115
0.0130934,-4.66092,-16.7914,-21.5288,-3.98561,52.8307,6.49212
0.0117508,-4.82925,-16.8558,-21.3746,-4.46719,53.0491,6.01773
0.0131026,-5.82297,-17.3204,-20.9863,-3.81662,53.2206,7.31297
0.0129315,-6.49087,-17.6342,-20.7124,-3.17886,53.3464,8.53952
0.0113628,-6.82962,-17.7609,-20.3916,-3.56997,53.5355,8.3089
0.0122813,-8.05943,-18.1695,-19.8771,-2.83626,53.6492,9.58534
0.0118298,-8.53552,-18.4601,-19.4215,-2.46722,53.7909,10.464
0.0112107,-8.6135,-18.5905,-19.0771,-2.97167,54.0313,10.04
0.0109223,-9.12917,-18.7635,-18.5091,-3.208,54.1562,10.1687
0.0105545,-9.19741,-18.9569,-17.9154,-3.5048,54.2869,10.1824
0.0107301,-9.31948,-19.0894,-17.4046,-4.04799,54.3956,9.94404
0.0108886,-9.7803,-19.3145,-16.9762,-4.3158,54.5482,10.0293
0.0109356,-9.77248,-19.5355,-16.581,-4.6691,54.6761,10.0088
0.0101977,-9.94787,-19.6253,-16.4586,-4.9659,54.7446,9.88875
0.0108623,-10.1252,-19.7061,-16.2964,-5.07766,54.9058,9.90182
0.0116827,-10.4413,-19.8167,-16.0824,-4.57721,54.9674,10.6933
0.0104908,-10.6858,-19.7919,-15.9954,-4.53262,55.0697,10.7379
0.0101358,-10.6828,-19.6831,-15.835,-4.25375,55.2019,10.9853
0.0108131,-10.6367,-19.5847,-16.0054,-4.19955,55.3404,10.9948
0.0104832,-10.333,-19.5068,-16.0274,-4.37181,55.4696,10.6717
0.0118513,-9.77468,-19.4199,-16.2479,-4.5649,55.6095,10.2288
0.0110325,-9.48599,-19.3219,-16.4322,-4.57243,55.8015,9.92634
0.0113237,-9.49418,-19.2381,-16.5295,-4.14165,55.9594,10.3131
0.01091,-9.43062,-19.1999,-16.8241,-3.24322,56.1166,11.1326
0.012525,-8.81328,-18.9964,-16.989,-3.65195,56.3471,10.4348
0.0176831,-8.84604,-18.6269,-16.1596,-3.38798,56.552,10.5234
0.0115461,-8.7343,-18.5369,-16.4229,-2.9363,56.7324,10.9588
0.0127157,-8.43732,-18.4631,-16.5014,-2.90359,56.9407,10.9659
0.0139695,-7.78876,-18.4049,-16.8069,-3.70107,57.2524,9.90216
0.0117716,-7.82344,-18.3711,-16.7815,-3.13648,57.4956,10.5157
0.0116953,-8.06432,-18.3632,-16.9652,-2.59475,57.594,11.3752
0.0124086,-7.58936,-18.3084,-17.288,-2.49516,57.8791,11.1608
0.0127782,-6.87787,-18.1869,-17.3084,-3.00927,58.055,10.3474
0.0123031,-7.00931,-18.1939,-17.4834,-2.54747,58.1718,10.7995
0.0109907,-7.54617,-18.217,-17.5588,-1.42891,58.2512,12.1556
0.0115162,-7.22842,-18.2075,-17.8315,-1.23667,58.4286,12.2163
0.0116833,-6.75401,-18.1572,-18.1411,-1.22202,58.6577,11.9823
0.0115008,-6.55545,-18.1402,-18.4128,-0.692407,58.9344,12.3605
0.0120224,-6.91985,-18.3812,-18.982,1.58036,59.1298,14.7174
0.0115359,-6.86409,-18.4105,-19.2301,3.08907,59.2352,16.2333
0.0157949,-5.73067,-18.2034,-19.8902,2.09248,59.6771,14.6216
0.0151797,-4.82647,-18.0939,-20.7423,1.09807,60.0448,12.9836
0.0131579,-4.55166,-18.1107,-21.111,1.3398,60.3404,13.0117
0.0128297,-4.60934,-18.1427,-21.2243,2.75224,60.4568,14.3098
0.0133572,-4.62012,-18.1733,-21.4393,3.87339,60.5804,15.3743
0.0133698,-4.37214,-18.2546,-21.7914,4.80224,60.8038,15.9867
0.0136629,-3.60465,-18.0538,-22.3606,4.47125,61.1929,15.0449
0.0133944,-3.90631,-18.1784,-22.8016,5.87484,61.3811,16.2681
0.0135928,-4.39084,-18.411,-23.2099,8.79461,61.2614,19.4459
0.0138277,-3.76981,-18.3118,-23.8653,9.17205,61.6648,19.4285
0.0150131,-3.12254,-18.2649,-24.4151,8.88965,62.2098,18.6507
0.0132239,-2.93616,-18.413,-24.7296,9.58647,62.6287,19.1734
0.0129771,-2.88226,-18.6286,-25.1862,10.6005,63.0248,19.9557
0.0140964,-2.26053,-18.7333,-25.8201,10.8072,63.5984,19.8133
0.014608,-2.05917,-18.8679,-26.2705,11.7543,64.1258,20.5741
0.0131599,-2.26667,-19.2868,-26.7501,14.1036,64.3767,22.9168
0.0144131,-1.89366,-19.4917,-27.4117,15.1924,64.87,23.614
0.0139219,-1.4153,-19.534,-28.4491,16.2455,65.4922,24.2478
0.013506,-1.51509,-19.8376,-29.2633,18.5687,65.7399,26.4262
0.016161,-0.995553,-19.9936,-30.082,19.8288,66.1833,27.2737
0.0181531,0.234479,-19.8774,-30.8409,18.8466,67.2198,25.5063
0.0151203,0.233549,-20.0812,-31.6149,20.8732,67.4622,27.2061
0.0155119,0.17631,-20.363,-32.2127,23.2271,67.5999,29.3415
0.0150517,0.130903,-20.6236,-32.7318,25.2732,67.8265,31.1345
0.0160773,-0.237944,-21.2693,-32.867,29.2067,67.2911,35.2316
0.016767,0.695605,-21.1614,-33.4719,29.0359,68.1202,34.6899
0.0229391,2.16525,-20.8178,-34.1695,27.1247,69.3849,31.8833
0.0155542,2.48452,-20.8234,-34.7005,27.7145,69.9071,32.1315
0.0161581,2.91789,-20.7329,-35.2386,29.103,70.1527,33.3709
0.0181649,3.91361,-20.4641,-35.5913,28.615,70.957,32.3111
0.0182233,4.3803,-20.5355,-35.8712,28.9908,71.5248,32.3124
0.0167407,4.63091,-20.6256,-36.2282,29.3834,71.8848,32.4737
0.0172449,5.22214,-20.4831,-36.892,29.7341,72.3545,32.4179
0.0157939,5.40197,-20.5108,-37.5628,30.7652,72.6527,33.1709
0.0163337,5.4704,-20.7065,-37.9942,33.2708,72.6224,35.481
0.0164314,5.80501,-20.6318,-38.6176,34.668,72.9737,36.523
0.0156663,5.58892,-21.0322,-39.0672,37.7618,72.7592,39.4632
0.0180302,5.87675,-21.0139,-39.9464,39.2685,72.9884,40.6098
0.0203976,6.51725,-20.9333,-40.376,39.6634,73.6751,40.4571
0.0175905,6.4134,-21.1462,-40.9235,41.8975,73.6242,42.4342
0.018924,6.51626,-21.2581,-41.3307,43.8129,73.5534,44.1005
0.0206241,7.23365,-20.9862,-41.8241,43.6192,74.278,43.375
0.0192099,7.53359,-21.0833,-41.8504,44.4562,74.5619,43.9279
0.0195569,7.64633,-21.2545,-42.2206,45.6461,74.6616,44.8619
0.0192628,8.20699,-20.9978,-42.7251,46.1029,75.141,44.9988
0.0188873,8.50702,-20.9674,-43.1623,46.2289,75.7058,44.7916
0.0178822,8.4947,-21.1936,-43.3303,47.5481,75.7049,46.0476
0.0183813,8.55494,-21.4087,-43.2799,48.8825,75.6796,47.5539
0.0180857,8.65514,-21.5072,-43.2707,48.9485,76.0019,47.645
0.0191707,8.88435,-21.6367,-43.457,48.7149,76.3523,47.5661
0.0186924,9.10045,-21.881,-43.0181,48.9793,76.6068,48.207
0.0191545,9.12875,-22.0506,-43.0178,48.7649,76.817,48.3485
0.0189214,9.00572,-22.3708,-42.6306,48.9588,76.8623,49.0867
0.0187685,9.2007,-22.5531,-42.3676,47.8999,77.3269,48.2754
0.0181675,9.15342,-22.7617,-41.759,46.71,77.7055,47.4933
0.0195627,8.63475,-23.2961,-41.2551,47.586,77.4041,49.0095
0.0193663,8.31673,-23.6471,-41.128,47.4026,77.3465,49.2938
0.0179143,8.16202,-23.8865,-40.8922,47.2258,77.2892,49.598
0.0208652,7.82238,-24.0796,-40.8064,47.4789,77.1294,50.3564
0.0200494,7.16754,-24.4896,-40.187,47.9196,76.7265,51.3415
0.0178914,6.72201,-24.9039,-39.4279,47.4368,76.7473,51.4599
0.0166592,6.59168,-25.0185,-38.7502,46.1947,76.8292,50.6482
0.0173083,6.23802,-25.3933,-37.8236,44.8667,76.841,49.913
0.0218228,5.76188,-25.5898,-37.4789,44.6457,76.68,50.2397
0.0176496,5.43428,-25.762,-37.0522,44.3655,76.5196,50.5048
0.016225,5.51119,-25.8171,-36.6097,41.6659,77.0363,48.1092
0.0166171,5.27953,-26.0274,-36.2101,40.4846,77.0527,47.301
0.017176,4.66754,-26.4569,-35.4229,41.2574,76.5786,48.6613
0.0155731,4.42223,-26.5632,-35.0505,40.0959,76.6072,47.885
0.0158668,4.38164,-26.7153,-34.5391,38.3723,76.8971,46.4511
0.0151713,4.07637,-26.8952,-33.8442,37.9844,76.8385,46.4877
0.0152389,3.87106,-27.1074,-33.4611,36.9655,76.9578,45.8163
0.0149305,3.69633,-27.3721,-32.7497,36.179,76.9672,45.4059
0.0151698,3.45599,-27.4012,-32.3366,35.8347,76.9872,45.3733
0.0151645,3.32265,-27.5603,-31.8523,34.8974,77.0452,44.6647
0.0152815,3.39196,-27.5696,-31.2897,32.557,77.3842,42.5071
0.0141848,3.26332,-27.6112,-30.8083,32.3812,77.2862,42.4978
0.0151489,3.04408,-27.6811,-30.8427,31.8235,77.3355,42.2205
0.0147565,2.66176,-27.8929,-30.5482,32.2556,77.1679,42.9221
0.0149514,2.37507,-28.0376,-29.829,30.6775,77.4246,41.5861
0.0152709,1.71186,-28.4425,-29.257,32.1233,77.099,43.473
0.014203,1.50816,-28.7922,-28.6495,31.8132,77.1869,43.491
0.0137588,1.32584,-28.9698,-28.257,31.4414,77.3749,43.3436
0.01351,0.698171,-29.2402,-27.4704,32.3253,77.1191,44.5324
0.0140221,0.220071,-29.5785,-26.9322,33.3873,76.8498,45.9542
0.0129451,0.319111,-29.705,-26.6995,32.5399,77.2089,45.3775
0.0123607,-0.00242117,-29.9647,-26.296,32.4376,77.3489,45.5545
0.0132762,-0.704281,-30.228,-25.7133,33.4451,77.2002,46.8792
0.0133572,-1.30848,-30.6273,-25.2248,34.896,77.0434,48.6902
0.0119687,-1.48514,-30.8265,-24.8899,34.495,77.1311,48.6806
0.012469,-1.54119,-30.9735,-24.642,34.6328,77.2337,49.0673
0.012202,-2.0149,-31.352,-24.0715,34.6443,77.2774,49.4038
0.0119613,-1.86513,-31.419,-24.092,33.7398,77.5298,48.5588
0.0127111,-1.07058,-31.339,-24.3366,31.6884,78.0019,46.4536
0.0115775,-1.09482,-31.4264,-24.0045,30.1559,78.1989,45.0168
0.0117349,-1.50293,-31.4239,-23.7922,30.2654,78.0573,45.3047
0.0114658,-1.54655,-31.4055,-23.5439,29.2977,78.1127,44.3554
0.011903,-1.10529,-31.1956,-23.6122,26.2764,78.4171,41.3229
0.0122954,-1.1173,-31.2369,-23.2992,24.2622,78.5503,39.4251
0.0122576,-1.20199,-31.1529,-22.9619,22.547,78.5122,37.8439
0.0123821,-0.809425,-30.9335,-22.7174,18.6078,78.6946,33.8212
0.012839,-0.373315,-30.7183,-22.7763,15.0408,78.6549,30.208
0.0129859,-0.472294,-30.5392,-22.4155,12.9231,78.7085,28.0394
0.0130295,-0.664261,-30.538,-22.2219,12.9361,78.4512,28.1357
0.0130274,-1.03751,-30.4238,-21.6926,12.6068,78.1568,27.8688
0.0126466,-1.60018,-30.3036,-21.1427,12.901,77.9985,28.286
0.0131051,-2.029,-30.3254,-20.6676,13.2891,77.7722,28.8381
0.0130404,-2.22293,-30.29,-20.4308,11.2132,77.7391,26.9591
0.0134803,-1.82441,-30.0802,-20.0463,8.16968,77.7792,23.8778
0.0127306,-1.98878,-29.9719,-19.685,7.00712,77.665,22.817
0.0134623,-2.64129,-30.0042,-18.8711,7.82906,77.2955,24.0893
0.0129549,-2.34186,-29.8301,-18.6485,4.94976,77.3094,21.1608
0.0137299,-2.18814,-29.5295,-18.4447,2.32521,77.1309,18.5604
0.0138083,-2.2945,-29.3742,-18.1598,0.917944,76.9123,17.3481
0.0129492,-2.41117,-29.2089,-17.8046,1.52603,76.569,18.0297
0.0134435,-2.38856,-28.979,-17.4945,-0.404895,76.3827,16.1078
0.0132586,-2.06603,-28.715,-17.6558,-2.48014,76.1411,14.0109
0.0135623,-1.86113,-28.4976,-17.7404,-3.21302,75.8906,13.2883
0.0140854,-2.19345,-28.2833,-17.3378,-3.46225,75.6974,13.1332
0.0134945,-2.28588,-28.1732,-17.0886,-4.56782,75.6308,12.0987
0.0138709,-2.26622,-27.9487,-17.215,-4.42333,75.3415,12.3168
0.0146891,-2.46626,-27.8738,-16.864,-4.32003,75.1283,12.5548
0.0142434,-2.44246,-27.7441,-16.6381,-5.57698,74.8501,11.3965
0.0134177,-2.72233,-27.7563,-16.5105,-5.31089,74.6953,11.8441
0.0132758,-2.88978,-27.835,-16.2482,-5.46135,74.4947,11.8926
0.014173,-2.33725,-27.5448,-16.1188,-7.93916,74.3169,9.36485
0.0140679,-2.2453,-27.3652,-15.9752,-9.24157,74.0825,8.10457
0.0139885,-2.74129,-27.3744,-15.6764,-8.82313,73.9298,8.74609
0.0132708,-2.53509,-27.2324,-15.4905,-9.56076,73.7387,8.06032
0.013501,-2.55184,-27.2508,-15.3569,-9.91452,73.5783,7.69868
0.014254,-2.81321,-27.3249,-15.011,-9.50692,73.5467,8.27143
0.0141959,-3.05693,-27.3297,-14.727,-8.85422,73.3836,8.97159
0.0126611,-3.35292,-27.3457,-14.5651,-8.24229,73.3174,9.78534
0.0141804,-2.96748,-27.2403,-14.5804,-9.32617,73.2113,8.65488
0.0132207,-2.44136,-27.1717,-14.5955,-10.9259,73.1501,7.0192
0.0130581,-2.85059,-27.1803,-14.2266,-11.0028,73.0691,7.06005
0.0133852,-2.59407,-27.0755,-14.2777,-11.2443,72.9836,6.83951
0.0134337,-1.82012,-26.9191,-14.8392,-13.542,72.8835,4.28173
0.013583,-2.30111,-26.9313,-14.8108,-12.4128,72.8419,5.48001
0.0134399,-2.793,-27.0725,-14.5523,-10.5704,72.8141,7.36389
0.0129888,-2.23488,-26.881,-14.6704,-11.7334,72.7336,5.94501
0.0135438,-2.21097,-26.8118,-14.9862,-11.6957,72.7074,5.77677
0.013252,-2.55444,-26.7854,-14.9625,-10.5712,72.7483,6.89085
0.0138042,-2.45018,-26.7362,-14.9755,-10.0538,72.7166,7.28574
0.0139969,-1.96566,-26.6292,-15.1146,-11.5588,72.6805,5.51911
0.0129624,-2.13081,-26.6481,-15.2757,-10.6968,72.6519,6.31511
0.0132096,-2.42564,-26.5774,-15.1165,-9.58004,72.6315,7.48635
0.0130099,-2.20232,-26.4827,-15.2205,-11.4123,72.6222,5.53063
0.0147528,-2.11129,-26.3256,-15.2963,-10.1369,72.5685,6.75106
0.0126982,-2.24408,-26.3116,-15.3197,-10.1792,72.546,6.66515
0.0127274,-2.31707,-26.2932,-15.1752,-9.58902,72.5437,7.2344
0.0138086,-2.40566,-26.2792,-15.0944,-9.28066,72.5838,7.53575
0.0125355,-2.34143,-26.2253,-15.3,-9.30506,72.5477,7.44333
0.0128057,-2.37321,-26.2717,-15.3141,-9.38413,72.5536,7.31458
0.0135528,-2.68996,-26.2863,-15.1709,-8.17312,72.5617,8.59835
0.0133384,-2.75179,-26.1819,-15.2427,-7.82068,72.5624,8.93875
0.013315,-2.62652,-26.0752,-15.5659,-8.2777,72.5363,8.3204
0.0126947,-2.81062,-26.0926,-15.3186,-7.65814,72.5202,8.98078
0.0130303,-2.83776,-25.9679,-15.1843,-7.2879,72.4264,9.3114
0.0132025,-2.59879,-25.899,-15.4824,-7.92374,72.4285,8.5521
0.0125038,-2.69581,-25.8737,-15.4607,-7.45757,72.4078,9.00454
0.0135373,-2.57021,-25.7477,-15.5936,-7.41357,72.3804,8.98634
0.012999,-2.61883,-25.7564,-15.584,-7.81949,72.3872,8.46083
0.0128073,-2.88271,-25.8691,-15.7153,-6.84934,72.4356,9.46303
0.0131271,-2.8258,-25.8855,-15.8437,-6.56115,72.5048,9.72417
0.0130294,-2.88522,-25.9523,-15.8614,-7.14954,72.5733,9.00572
0.0128672,-3.23843,-26.0068,-15.8761,-5.39685,72.6418,10.9507
0.0133532,-3.26728,-26.0189,-15.9208,-5.66238,72.6882,10.5852
0.0125153,-3.19603,-26.0596,-15.9692,-6.50694,72.816,9.63791
0.0128675,-3.42499,-26.1498,-15.8942,-5.43553,72.8002,10.7863
0.012761,-3.2692,-26.1196,-16.0902,-5.441,72.8428,10.6901
0.0126117,-3.12877,-26.0468,-16.3266,-6.36886,72.9007,9.6061
0.0127833,-3.41351,-26.128,-16.3824,-5.60552,72.9401,10.3992
0.0132745,-3.5069,-26.158,-16.2664,-5.58398,72.9834,10.4017
0.0123018,-3.29054,-26.1565,-16.3126,-5.9006,73.0073,10.0412
0.0124794,-3.66189,-26.2515,-16.0884,-4.86891,73.0421,11.1797
0.013327,-3.96224,-26.372,-15.911,-4.65343,73.1057,11.4443
0.0129358,-3.5999,-26.3585,-16.0678,-5.73662,73.1682,10.2783
0.0124992,-3.54202,-26.2655,-16.2571,-5.01043,73.1946,11.0027
0.0121277,-3.80532,-26.3112,-16.0105,-4.16443,73.2243,11.9425
0.0127851,-3.8827,-26.3629,-15.8298,-4.2808,73.2055,11.8191
0.0128458,-3.84737,-26.4346,-15.7794,-4.51406,73.2501,11.5447
0.0123318,-3.94272,-26.4801,-15.4981,-4.11568,73.3209,11.965
0.0130802,-3.99859,-26.5551,-15.2041,-6.00711,73.3979,9.98048
0.0121783,-3.97788,-26.5697,-15.1496,-4.46791,73.4043,11.516
0.011955,-4.14396,-26.6434,-15.1705,-3.81894,73.464,12.1802
0.0132016,-4.02746,-26.6152,-15.3929,-4.48702,73.5682,11.4575
0.0124644,-4.04729,-26.6397,-15.269,-4.19324,73.5558,11.7349
0.0126254,-4.20407,-26.6895,-15.1891,-4.23297,73.6795,11.6741
0.0121067,-4.42247,-26.7829,-15.0531,-4.05765,73.7061,11.8451
0.0121614,-4.34321,-26.812,-14.9753,-3.49688,73.6127,12.4064
0.0124911,-4.47282,-26.9274,-14.8884,-3.89645,73.7938,11.9357
0.0125283,-4.75341,-26.9558,-14.8841,-2.74912,73.7206,13.2388
0.0133399,-4.92191,-26.9683,-14.7007,-2.35508,73.7653,13.6163
0.0122655,-4.83642,-26.9228,-14.7848,-2.80767,73.8488,13.0873
0.0130384,-4.89114,-27.0782,-14.8646,-1.53456,73.8353,14.5019
0.0125282,-4.84199,-27.1239,-14.987,-2.56373,73.9181,13.3798
0.0122777,-4.6785,-27.1169,-15.1358,-3.84478,74.0091,12
0.0118342,-4.88494,-27.1349,-15.2591,-2.54535,73.9983,13.3589
0.0128179,-5.08667,-27.2228,-15.2348,-2.01736,73.9863,13.9024
0.0130371,-4.79056,-27.2643,-15.3474,-2.82717,74.0401,12.9661
